Date,Closing_Price
2010-01-05,30.95999908
2010-01-06,30.77000046
2010-01-07,30.45000076
2010-01-08,30.65999985
2010-01-11,30.27000046
2010-01-12,30.06999969
2010-01-13,30.35000038
2010-01-14,30.95999908
2010-01-15,30.86000061
2010-01-19,31.10000038
2010-01-20,30.59000015
2010-01-21,30.01000023
2010-01-22,28.95999908
2010-01-25,29.31999969
2010-01-26,29.5
2010-01-27,29.67000008
2010-01-28,29.15999985
2010-01-29,28.18000031
2010-02-01,28.40999985
2010-02-02,28.45999908
2010-02-03,28.62999916
2010-02-04,27.84000015
2010-02-05,28.02000046
2010-02-08,27.71999931
2010-02-09,28.01000023
2010-02-10,27.98999977
2010-02-11,28.12000084
2010-02-12,27.93000031
2010-02-16,28.35000038
2010-02-17,28.59000015
2010-02-18,28.96999931
2010-02-19,28.77000046
2010-02-22,28.72999954
2010-02-23,28.32999992
2010-02-24,28.62999916
2010-02-25,28.60000038
2010-02-26,28.67000008
2010-03-01,29.02000046
2010-03-02,28.45999908
2010-03-03,28.45999908
2010-03-04,28.62999916
2010-03-05,28.59000015
2010-03-08,28.62999916
2010-03-09,28.79999924
2010-03-10,28.96999931
2010-03-11,29.18000031
2010-03-12,29.27000046
2010-03-15,29.29000092
2010-03-16,29.37000084
2010-03-17,29.62999916
2010-03-18,29.61000061
2010-03-19,29.59000015
2010-03-22,29.60000038
2010-03-23,29.87999916
2010-03-24,29.64999962
2010-03-25,30.01000023
2010-03-26,29.65999985
2010-03-29,29.59000015
2010-03-30,29.77000046
2010-03-31,29.29000092
2010-04-01,29.15999985
2010-04-05,29.27000046
2010-04-06,29.31999969
2010-04-07,29.35000038
2010-04-08,29.92000008
2010-04-09,30.34000015
2010-04-12,30.31999969
2010-04-13,30.45000076
2010-04-14,30.81999969
2010-04-15,30.87000084
2010-04-16,30.67000008
2010-04-19,31.04000092
2010-04-20,31.36000061
2010-04-21,31.32999992
2010-04-22,31.38999939
2010-04-23,30.95999908
2010-04-26,31.11000061
2010-04-27,30.85000038
2010-04-28,30.90999985
2010-04-29,31
2010-04-30,30.54000092
2010-05-03,30.86000061
2010-05-04,30.12999916
2010-05-05,29.85000038
2010-05-06,28.97999954
2010-05-07,28.20999908
2010-05-10,28.94000053
2010-05-11,28.87999916
2010-05-12,29.44000053
2010-05-13,29.23999977
2010-05-14,28.93000031
2010-05-17,28.94000053
2010-05-18,28.60000038
2010-05-19,28.23999977
2010-05-20,27.11000061
2010-05-21,26.84000015
2010-05-24,26.27000046
2010-05-25,26.06999969
2010-05-26,25.01000023
2010-05-27,26
2010-05-28,25.79999924
2010-06-01,25.88999939
2010-06-02,26.45999908
2010-06-03,26.86000061
2010-06-04,25.79000092
2010-06-07,25.29000092
2010-06-08,25.11000061
2010-06-09,24.79000092
2010-06-10,25
2010-06-11,25.65999985
2010-06-14,25.5
2010-06-15,26.57999992
2010-06-16,26.31999969
2010-06-17,26.37000084
2010-06-18,26.44000053
2010-06-21,25.95000076
2010-06-22,25.77000046
2010-06-23,25.30999947
2010-06-24,25
2010-06-25,24.53000069
2010-06-28,24.30999947
2010-06-29,23.30999947
2010-06-30,23.01000023
2010-07-01,23.15999985
2010-07-02,23.27000046
2010-07-06,23.81999969
2010-07-07,24.29999924
2010-07-08,24.40999985
2010-07-09,24.27000046
2010-07-12,24.82999992
2010-07-13,25.12999916
2010-07-14,25.44000053
2010-07-15,25.51000023
2010-07-16,24.88999939
2010-07-19,25.22999954
2010-07-20,25.47999954
2010-07-21,25.12000084
2010-07-22,25.84000015
2010-07-23,25.80999947
2010-07-26,26.10000038
2010-07-27,26.15999985
2010-07-28,25.95000076
2010-07-29,26.03000069
2010-07-30,25.80999947
2010-08-02,26.32999992
2010-08-03,26.15999985
2010-08-04,25.72999954
2010-08-05,25.37000084
2010-08-06,25.54999924
2010-08-09,25.61000061
2010-08-10,25.06999969
2010-08-11,24.86000061
2010-08-12,24.48999977
2010-08-13,24.39999962
2010-08-16,24.5
2010-08-17,24.70999908
2010-08-18,24.81999969
2010-08-19,24.44000053
2010-08-20,24.22999954
2010-08-23,24.28000069
2010-08-24,24.04000092
2010-08-25,24.10000038
2010-08-26,23.81999969
2010-08-27,23.93000031
2010-08-30,23.63999939
2010-08-31,23.46999931
2010-09-01,23.89999962
2010-09-02,23.94000053
2010-09-03,24.29000092
2010-09-07,23.95999908
2010-09-08,23.93000031
2010-09-09,24.01000023
2010-09-10,23.85000038
2010-09-13,25.11000061
2010-09-14,25.03000069
2010-09-15,25.12000084
2010-09-16,25.32999992
2010-09-17,25.21999931
2010-09-20,25.43000031
2010-09-21,25.14999962
2010-09-22,24.61000061
2010-09-23,24.43000031
2010-09-24,24.78000069
2010-09-27,24.72999954
2010-09-28,24.68000031
2010-09-29,24.5
2010-09-30,24.48999977
2010-10-01,24.37999916
2010-10-04,23.90999985
2010-10-05,24.35000038
2010-10-06,24.43000031
2010-10-07,24.53000069
2010-10-08,24.56999969
2010-10-11,24.59000015
2010-10-12,24.82999992
2010-10-13,25.34000015
2010-10-14,25.22999954
2010-10-15,25.54000092
2010-10-18,25.81999969
2010-10-19,25.10000038
2010-10-20,25.30999947
2010-10-21,25.42000008
2010-10-22,25.37999916
2010-10-25,25.19000053
2010-10-26,25.89999962
2010-10-27,26.04999924
2010-10-28,26.28000069
2010-10-29,26.67000008
2010-11-01,26.95000076
2010-11-02,27.38999939
2010-11-03,27.03000069
2010-11-04,27.13999939
2010-11-05,26.85000038
2010-11-08,26.80999947
2010-11-09,26.95000076
2010-11-10,26.94000053
2010-11-11,26.68000031
2010-11-12,26.27000046
2010-11-15,26.20000076
2010-11-16,25.80999947
2010-11-17,25.56999969
2010-11-18,25.84000015
2010-11-19,25.69000053
2010-11-22,25.72999954
2010-11-23,25.12000084
2010-11-24,25.37000084
2010-11-26,25.25
2010-11-29,25.30999947
2010-11-30,25.26000023
2010-12-01,26.04000092
2010-12-02,26.88999939
2010-12-03,27.02000046
2010-12-06,26.84000015
2010-12-07,26.87000084
2010-12-08,27.22999954
2010-12-09,27.07999992
2010-12-10,27.34000015
2010-12-13,27.25
2010-12-14,27.62000084
2010-12-15,27.85000038
2010-12-16,27.98999977
2010-12-17,27.89999962
2010-12-20,27.80999947
2010-12-21,28.06999969
2010-12-22,28.19000053
2010-12-23,28.29999924
2010-12-27,28.06999969
2010-12-28,28.01000023
2010-12-29,27.96999931
2010-12-30,27.85000038
2010-12-31,27.90999985
2011-01-03,27.97999954
2011-01-04,28.09000015
2011-01-05,28
2011-01-06,28.81999969
2011-01-07,28.60000038
2011-01-10,28.21999931
2011-01-11,28.11000061
2011-01-12,28.54999924
2011-01-13,28.19000053
2011-01-14,28.29999924
2011-01-18,28.65999985
2011-01-19,28.46999931
2011-01-20,28.35000038
2011-01-21,28.02000046
2011-01-24,28.37999916
2011-01-25,28.45000076
2011-01-26,28.78000069
2011-01-27,28.87000084
2011-01-28,27.75
2011-01-31,27.72999954
2011-02-01,27.98999977
2011-02-02,27.94000053
2011-02-03,27.64999962
2011-02-04,27.77000046
2011-02-07,28.20000076
2011-02-08,28.28000069
2011-02-09,27.96999931
2011-02-10,27.5
2011-02-11,27.25
2011-02-14,27.22999954
2011-02-15,26.95999908
2011-02-16,27.02000046
2011-02-17,27.20999908
2011-02-18,27.05999947
2011-02-22,26.59000015
2011-02-23,26.59000015
2011-02-24,26.77000046
2011-02-25,26.54999924
2011-02-28,26.57999992
2011-03-01,26.15999985
2011-03-02,26.07999992
2011-03-03,26.20000076
2011-03-04,25.95000076
2011-03-07,25.71999931
2011-03-08,25.90999985
2011-03-09,25.88999939
2011-03-10,25.40999985
2011-03-11,25.68000031
2011-03-14,25.69000053
2011-03-15,25.38999939
2011-03-16,24.79000092
2011-03-17,24.78000069
2011-03-18,24.79999924
2011-03-21,25.32999992
2011-03-22,25.29999924
2011-03-23,25.54000092
2011-03-24,25.80999947
2011-03-25,25.62000084
2011-03-28,25.40999985
2011-03-29,25.48999977
2011-03-30,25.61000061
2011-03-31,25.38999939
2011-04-01,25.47999954
2011-04-04,25.54999924
2011-04-05,25.78000069
2011-04-06,26.14999962
2011-04-07,26.20000076
2011-04-08,26.06999969
2011-04-11,25.97999954
2011-04-12,25.63999939
2011-04-13,25.62999916
2011-04-14,25.42000008
2011-04-15,25.37000084
2011-04-18,25.07999992
2011-04-19,25.14999962
2011-04-20,25.76000023
2011-04-21,25.52000046
2011-04-25,25.61000061
2011-04-26,26.19000053
2011-04-27,26.37999916
2011-04-28,26.70999908
2011-04-29,25.92000008
2011-05-02,25.65999985
2011-05-03,25.80999947
2011-05-04,26.05999947
2011-05-05,25.79000092
2011-05-06,25.87000084
2011-05-09,25.82999992
2011-05-10,25.67000008
2011-05-11,25.36000061
2011-05-12,25.31999969
2011-05-13,25.03000069
2011-05-16,24.56999969
2011-05-17,24.52000046
2011-05-18,24.69000053
2011-05-19,24.71999931
2011-05-20,24.48999977
2011-05-23,24.17000008
2011-05-24,24.14999962
2011-05-25,24.19000053
2011-05-26,24.67000008
2011-05-27,24.76000023
2011-05-31,25.01000023
2011-06-01,24.43000031
2011-06-02,24.21999931
2011-06-03,23.90999985
2011-06-06,24.01000023
2011-06-07,24.05999947
2011-06-08,23.94000053
2011-06-09,23.95999908
2011-06-10,23.70999908
2011-06-13,24.04000092
2011-06-14,24.21999931
2011-06-15,23.73999977
2011-06-16,24
2011-06-17,24.26000023
2011-06-20,24.46999931
2011-06-21,24.76000023
2011-06-22,24.64999962
2011-06-23,24.62999916
2011-06-24,24.29999924
2011-06-27,25.20000076
2011-06-28,25.79999924
2011-06-29,25.62000084
2011-06-30,26
2011-07-01,26.02000046
2011-07-05,26.03000069
2011-07-06,26.32999992
2011-07-07,26.77000046
2011-07-08,26.92000008
2011-07-11,26.62999916
2011-07-12,26.54000092
2011-07-13,26.62999916
2011-07-14,26.46999931
2011-07-15,26.78000069
2011-07-18,26.59000015
2011-07-19,27.54000092
2011-07-20,27.05999947
2011-07-21,27.10000038
2011-07-22,27.53000069
2011-07-25,27.90999985
2011-07-26,28.07999992
2011-07-27,27.32999992
2011-07-28,27.71999931
2011-07-29,27.39999962
2011-08-01,27.27000046
2011-08-02,26.79999924
2011-08-03,26.92000008
2011-08-04,25.94000053
2011-08-05,25.68000031
2011-08-08,24.47999954
2011-08-09,25.57999992
2011-08-10,24.20000076
2011-08-11,25.19000053
2011-08-12,25.10000038
2011-08-15,25.51000023
2011-08-16,25.35000038
2011-08-17,25.25
2011-08-18,24.67000008
2011-08-19,24.04999924
2011-08-22,23.97999954
2011-08-23,24.71999931
2011-08-24,24.89999962
2011-08-25,24.56999969
2011-08-26,25.25
2011-08-29,25.84000015
2011-08-30,26.22999954
2011-08-31,26.60000038
2011-09-01,26.20999908
2011-09-02,25.79999924
2011-09-06,25.51000023
2011-09-07,26
2011-09-08,26.21999931
2011-09-09,25.73999977
2011-09-12,25.88999939
2011-09-13,26.04000092
2011-09-14,26.5
2011-09-15,26.98999977
2011-09-16,27.12000084
2011-09-19,27.20999908
2011-09-20,26.97999954
2011-09-21,25.98999977
2011-09-22,25.05999947
2011-09-23,25.05999947
2011-09-26,25.44000053
2011-09-27,25.67000008
2011-09-28,25.57999992
2011-09-29,25.45000076
2011-09-30,24.88999939
2011-10-03,24.53000069
2011-10-04,25.34000015
2011-10-05,25.88999939
2011-10-06,26.34000015
2011-10-07,26.25
2011-10-10,26.94000053
2011-10-11,27
2011-10-12,26.95999908
2011-10-13,27.18000031
2011-10-14,27.27000046
2011-10-17,26.97999954
2011-10-18,27.30999947
2011-10-19,27.12999916
2011-10-20,27.04000092
2011-10-21,27.15999985
2011-10-24,27.19000053
2011-10-25,26.80999947
2011-10-26,26.59000015
2011-10-27,27.25
2011-10-28,26.97999954
2011-10-31,26.62999916
2011-11-01,25.98999977
2011-11-02,26.01000023
2011-11-03,26.53000069
2011-11-04,26.25
2011-11-07,26.79999924
2011-11-08,27.15999985
2011-11-09,26.20000076
2011-11-10,26.28000069
2011-11-11,26.90999985
2011-11-14,26.76000023
2011-11-15,26.73999977
2011-11-16,26.06999969
2011-11-17,25.54000092
2011-11-18,25.29999924
2011-11-21,25
2011-11-22,24.79000092
2011-11-23,24.46999931
2011-11-25,24.29999924
2011-11-28,24.87000084
2011-11-29,24.84000015
2011-11-30,25.57999992
2011-12-01,25.28000069
2011-12-02,25.21999931
2011-12-05,25.70000076
2011-12-06,25.65999985
2011-12-07,25.60000038
2011-12-08,25.39999962
2011-12-09,25.70000076
2011-12-12,25.51000023
2011-12-13,25.76000023
2011-12-14,25.59000015
2011-12-15,25.55999947
2011-12-16,26
2011-12-19,25.53000069
2011-12-20,26.03000069
2011-12-21,25.76000023
2011-12-22,25.80999947
2011-12-23,26.03000069
2011-12-27,26.04000092
2011-12-28,25.81999969
2011-12-29,26.02000046
2011-12-30,25.95999908
2012-01-03,26.77000046
2012-01-04,27.39999962
2012-01-05,27.68000031
2012-01-06,28.11000061
2012-01-09,27.73999977
2012-01-10,27.84000015
2012-01-11,27.71999931
2012-01-12,28
2012-01-13,28.25
2012-01-17,28.26000023
2012-01-18,28.22999954
2012-01-19,28.12000084
2012-01-20,29.70999908
2012-01-23,29.72999954
2012-01-24,29.34000015
2012-01-25,29.55999947
2012-01-26,29.5
2012-01-27,29.22999954
2012-01-30,29.61000061
2012-01-31,29.53000069
2012-02-01,29.88999939
2012-02-02,29.95000076
2012-02-03,30.23999977
2012-02-06,30.20000076
2012-02-07,30.35000038
2012-02-08,30.65999985
2012-02-09,30.77000046
2012-02-10,30.5
2012-02-13,30.57999992
2012-02-14,30.25
2012-02-15,30.04999924
2012-02-16,31.29000092
2012-02-17,31.25
2012-02-21,31.44000053
2012-02-22,31.27000046
2012-02-23,31.37000084
2012-02-24,31.47999954
2012-02-27,31.35000038
2012-02-28,31.87000084
2012-02-29,31.73999977
2012-03-01,32.29000092
2012-03-02,32.08000183
2012-03-05,31.79999924
2012-03-06,31.55999947
2012-03-07,31.84000015
2012-03-08,32.00999832
2012-03-09,31.98999977
2012-03-12,32.04000092
2012-03-13,32.66999817
2012-03-14,32.77000046
2012-03-15,32.84999847
2012-03-16,32.59999847
2012-03-19,32.20000076
2012-03-20,31.98999977
2012-03-21,31.90999985
2012-03-22,32
2012-03-23,32.00999832
2012-03-26,32.59000015
2012-03-27,32.52000046
2012-03-28,32.18999863
2012-03-29,32.11999893
2012-03-30,32.25999832
2012-04-02,32.29000092
2012-04-03,31.94000053
2012-04-04,31.20999908
2012-04-05,31.52000046
2012-04-09,31.10000038
2012-04-10,30.46999931
2012-04-11,30.35000038
2012-04-12,30.97999954
2012-04-13,30.80999947
2012-04-16,31.07999992
2012-04-17,31.44000053
2012-04-18,31.13999939
2012-04-19,31.01000023
2012-04-20,32.41999817
2012-04-23,32.11999893
2012-04-24,31.92000008
2012-04-25,32.20000076
2012-04-26,32.11000061
2012-04-27,31.97999954
2012-04-30,32.02000046
2012-05-01,32.00999832
2012-05-02,31.79999924
2012-05-03,31.76000023
2012-05-04,30.97999954
2012-05-07,30.64999962
2012-05-08,30.5
2012-05-09,30.76000023
2012-05-10,30.73999977
2012-05-11,31.15999985
2012-05-14,30.68000031
2012-05-15,30.20999908
2012-05-16,29.89999962
2012-05-17,29.71999931
2012-05-18,29.27000046
2012-05-21,29.75
2012-05-22,29.76000023
2012-05-23,29.11000061
2012-05-24,29.06999969
2012-05-25,29.05999947
2012-05-29,29.55999947
2012-05-30,29.34000015
2012-05-31,29.19000053
2012-06-01,28.45000076
2012-06-04,28.54999924
2012-06-05,28.51000023
2012-06-06,29.35000038
2012-06-07,29.22999954
2012-06-08,29.64999962
2012-06-11,28.89999962
2012-06-12,29.29000092
2012-06-13,29.12999916
2012-06-14,29.34000015
2012-06-15,30.02000046
2012-06-18,29.84000015
2012-06-19,30.70000076
2012-06-20,30.93000031
2012-06-21,30.13999939
2012-06-22,30.70000076
2012-06-25,29.87000084
2012-06-26,30.02000046
2012-06-27,30.17000008
2012-06-28,29.90999985
2012-06-29,30.59000015
2012-07-02,30.55999947
2012-07-03,30.76000023
2012-07-05,30.70000076
2012-07-06,30.19000053
2012-07-09,30
2012-07-10,29.73999977
2012-07-11,29.29999924
2012-07-12,28.62999916
2012-07-13,29.38999939
2012-07-16,29.44000053
2012-07-17,29.65999985
2012-07-18,30.45000076
2012-07-19,30.67000008
2012-07-20,30.12000084
2012-07-23,29.28000069
2012-07-24,29.14999962
2012-07-25,28.82999992
2012-07-26,29.15999985
2012-07-27,29.76000023
2012-07-30,29.63999939
2012-07-31,29.46999931
2012-08-01,29.40999985
2012-08-02,29.19000053
2012-08-03,29.75
2012-08-06,29.95000076
2012-08-07,30.26000023
2012-08-08,30.32999992
2012-08-09,30.5
2012-08-10,30.42000008
2012-08-13,30.38999939
2012-08-14,30.12999916
2012-08-15,30.20000076
2012-08-16,30.78000069
2012-08-17,30.89999962
2012-08-20,30.73999977
2012-08-21,30.79999924
2012-08-22,30.54000092
2012-08-23,30.26000023
2012-08-24,30.55999947
2012-08-27,30.69000053
2012-08-28,30.62999916
2012-08-29,30.64999962
2012-08-30,30.31999969
2012-08-31,30.81999969
2012-09-04,30.38999939
2012-09-05,30.38999939
2012-09-06,31.35000038
2012-09-07,30.95000076
2012-09-10,30.71999931
2012-09-11,30.79000092
2012-09-12,30.78000069
2012-09-13,30.94000053
2012-09-14,31.20999908
2012-09-17,31.20999908
2012-09-18,31.18000031
2012-09-19,31.04999924
2012-09-20,31.45000076
2012-09-21,31.19000053
2012-09-24,30.78000069
2012-09-25,30.38999939
2012-09-26,30.17000008
2012-09-27,30.15999985
2012-09-28,29.76000023
2012-10-01,29.48999977
2012-10-02,29.65999985
2012-10-03,29.86000061
2012-10-04,30.03000069
2012-10-05,29.85000038
2012-10-08,29.78000069
2012-10-09,29.28000069
2012-10-10,28.97999954
2012-10-11,28.95000076
2012-10-12,29.20000076
2012-10-15,29.51000023
2012-10-16,29.48999977
2012-10-17,29.59000015
2012-10-18,29.5
2012-10-19,28.63999939
2012-10-22,28
2012-10-23,28.04999924
2012-10-24,27.89999962
2012-10-25,27.87999916
2012-10-26,28.20999908
2012-10-31,28.54000092
2012-11-01,29.52000046
2012-11-02,29.5
2012-11-05,29.62999916
2012-11-06,29.86000061
2012-11-07,29.07999992
2012-11-08,28.80999947
2012-11-09,28.82999992
2012-11-12,28.21999931
2012-11-13,27.09000015
2012-11-14,26.84000015
2012-11-15,26.65999985
2012-11-16,26.52000046
2012-11-19,26.72999954
2012-11-20,26.70999908
2012-11-21,26.95000076
2012-11-23,27.70000076
2012-11-26,27.38999939
2012-11-27,27.07999992
2012-11-28,27.36000061
2012-11-29,26.95000076
2012-11-30,26.62000084
2012-12-03,26.43000031
2012-12-04,26.37000084
2012-12-05,26.67000008
2012-12-06,26.72999954
2012-12-07,26.45999908
2012-12-10,26.94000053
2012-12-11,27.31999969
2012-12-12,27.23999977
2012-12-13,27.11000061
2012-12-14,26.80999947
2012-12-17,27.10000038
2012-12-18,27.55999947
2012-12-19,27.30999947
2012-12-20,27.68000031
2012-12-21,27.45000076
2012-12-24,27.05999947
2012-12-26,26.86000061
2012-12-27,26.95999908
2012-12-28,26.54999924
2012-12-31,26.70999908
2013-01-02,27.62000084
2013-01-03,27.25
2013-01-04,26.73999977
2013-01-07,26.69000053
2013-01-08,26.54999924
2013-01-09,26.70000076
2013-01-10,26.45999908
2013-01-11,26.82999992
2013-01-14,26.88999939
2013-01-15,27.20999908
2013-01-16,27.04000092
2013-01-17,27.25
2013-01-18,27.25
2013-01-22,27.14999962
2013-01-23,27.61000061
2013-01-24,27.62999916
2013-01-25,27.87999916
2013-01-28,27.90999985
2013-01-29,28.01000023
2013-01-30,27.85000038
2013-01-31,27.45000076
2013-02-01,27.93000031
2013-02-04,27.44000053
2013-02-05,27.5
2013-02-06,27.34000015
2013-02-07,27.28000069
2013-02-08,27.54999924
2013-02-11,27.86000061
2013-02-12,27.87999916
2013-02-13,28.03000069
2013-02-14,28.04000092
2013-02-15,28.01000023
2013-02-19,28.04999924
2013-02-20,27.87000084
2013-02-21,27.48999977
2013-02-22,27.76000023
2013-02-25,27.37000084
2013-02-26,27.37000084
2013-02-27,27.80999947
2013-02-28,27.79999924
2013-03-01,27.95000076
2013-03-04,28.14999962
2013-03-05,28.35000038
2013-03-06,28.09000015
2013-03-07,28.13999939
2013-03-08,28
2013-03-11,27.87000084
2013-03-12,27.90999985
2013-03-13,27.92000008
2013-03-14,28.13999939
2013-03-15,28.04000092
2013-03-18,28.10000038
2013-03-19,28.18000031
2013-03-20,28.31999969
2013-03-21,28.11000061
2013-03-22,28.25
2013-03-25,28.15999985
2013-03-26,28.15999985
2013-03-27,28.37000084
2013-03-28,28.61000061
2013-04-01,28.61000061
2013-04-02,28.79999924
2013-04-03,28.55999947
2013-04-04,28.60000038
2013-04-05,28.70000076
2013-04-08,28.59000015
2013-04-09,29.61000061
2013-04-10,30.28000069
2013-04-11,28.94000053
2013-04-12,28.79000092
2013-04-15,28.69000053
2013-04-16,28.96999931
2013-04-17,28.82999992
2013-04-18,28.79000092
2013-04-19,29.77000046
2013-04-22,30.82999992
2013-04-23,30.60000038
2013-04-24,31.76000023
2013-04-25,31.94000053
2013-04-26,31.79000092
2013-04-29,32.61000061
2013-04-30,33.09999847
2013-05-01,32.72000122
2013-05-02,33.15999985
2013-05-03,33.49000168
2013-05-06,33.75
2013-05-07,33.31000137
2013-05-08,32.99000168
2013-05-09,32.65999985
2013-05-10,32.68999863
2013-05-13,33.02999878
2013-05-14,33.52999878
2013-05-15,33.84999847
2013-05-16,34.08000183
2013-05-17,34.86999893
2013-05-20,35.08000183
2013-05-21,34.84999847
2013-05-22,34.61000061
2013-05-23,34.15000153
2013-05-24,34.27000046
2013-05-28,35.02000046
2013-05-29,34.88000107
2013-05-30,35.02999878
2013-05-31,34.90000153
2013-06-03,35.59000015
2013-06-04,34.99000168
2013-06-05,34.77999878
2013-06-06,34.95999908
2013-06-07,35.66999817
2013-06-10,35.47000122
2013-06-11,34.84000015
2013-06-12,35
2013-06-13,34.72000122
2013-06-14,34.40000153
2013-06-17,35
2013-06-18,34.97999954
2013-06-19,34.59000015
2013-06-20,33.49000168
2013-06-21,33.27000046
2013-06-24,33.72000122
2013-06-25,33.66999817
2013-06-26,34.34999847
2013-06-27,34.61999893
2013-06-28,34.54000092
2013-07-01,34.36000061
2013-07-02,33.93999863
2013-07-03,34.00999832
2013-07-05,34.20999908
2013-07-08,34.33000183
2013-07-09,34.34999847
2013-07-10,34.70000076
2013-07-11,35.68999863
2013-07-12,35.66999817
2013-07-15,36.16999817
2013-07-16,36.27000046
2013-07-17,35.74000168
2013-07-18,35.43999863
2013-07-19,31.39999962
2013-07-22,32.00999832
2013-07-23,31.81999969
2013-07-24,31.95999908
2013-07-25,31.38999939
2013-07-26,31.62000084
2013-07-29,31.54000092
2013-07-30,31.85000038
2013-07-31,31.84000015
2013-08-01,31.67000008
2013-08-02,31.88999939
2013-08-05,31.70000076
2013-08-06,31.57999992
2013-08-07,32.06000137
2013-08-08,32.88999939
2013-08-09,32.70000076
2013-08-12,32.86999893
2013-08-13,32.22999954
2013-08-14,32.34999847
2013-08-15,31.79000092
2013-08-16,31.79999924
2013-08-19,31.38999939
2013-08-20,31.62000084
2013-08-21,31.61000061
2013-08-22,32.38999939
2013-08-23,34.75
2013-08-26,34.15000153
2013-08-27,33.25999832
2013-08-28,33.02000046
2013-08-29,33.54999924
2013-08-30,33.40000153
2013-09-03,31.87999916
2013-09-04,31.20000076
2013-09-05,31.22999954
2013-09-06,31.14999962
2013-09-09,31.65999985
2013-09-10,32.38999939
2013-09-11,32.74000168
2013-09-12,32.68999863
2013-09-13,33.02999878
2013-09-16,32.79999924
2013-09-17,32.93000031
2013-09-18,33.31999969
2013-09-19,33.63999939
2013-09-20,32.79000092
2013-09-23,32.74000168
2013-09-24,32.45000076
2013-09-25,32.50999832
2013-09-26,32.77000046
2013-09-27,33.27000046
2013-09-30,33.27999878
2013-10-01,33.58000183
2013-10-02,33.91999817
2013-10-03,33.86000061
2013-10-04,33.88000107
2013-10-07,33.29999924
2013-10-08,33.00999832
2013-10-09,33.06999969
2013-10-10,33.75999832
2013-10-11,34.13000107
2013-10-14,34.45000076
2013-10-15,34.49000168
2013-10-16,34.63999939
2013-10-17,34.91999817
2013-10-18,34.95999908
2013-10-21,34.99000168
2013-10-22,34.58000183
2013-10-23,33.75999832
2013-10-24,33.72000122
2013-10-25,35.72999954
2013-10-28,35.56999969
2013-10-29,35.52000046
2013-10-30,35.54000092
2013-10-31,35.40999985
2013-11-01,35.52999878
2013-11-04,35.93999863
2013-11-05,36.63999939
2013-11-06,38.18000031
2013-11-07,37.5
2013-11-08,37.77999878
2013-11-11,37.59000015
2013-11-12,37.36000061
2013-11-13,38.15999985
2013-11-14,38.02000046
2013-11-15,37.84000015
2013-11-18,37.20000076
2013-11-19,36.74000168
2013-11-20,37.08000183
2013-11-21,37.40000153
2013-11-22,37.56999969
2013-11-25,37.63999939
2013-11-26,37.34999847
2013-11-27,37.59999847
2013-11-29,38.13000107
2013-12-02,38.45000076
2013-12-03,38.31000137
2013-12-04,38.93999863
2013-12-05,38
2013-12-06,38.36000061
2013-12-09,38.70999908
2013-12-10,38.11000061
2013-12-11,37.61000061
2013-12-12,37.22000122
2013-12-13,36.68999863
2013-12-16,36.88999939
2013-12-17,36.52000046
2013-12-18,36.58000183
2013-12-19,36.25
2013-12-20,36.79999924
2013-12-23,36.61999893
2013-12-24,37.08000183
2013-12-26,37.43999863
2013-12-27,37.29000092
2013-12-30,37.29000092
2013-12-31,37.40999985
2014-01-02,37.15999985
2014-01-03,36.90999985
2014-01-06,36.13000107
2014-01-07,36.40999985
2014-01-08,35.75999832
2014-01-09,35.52999878
2014-01-10,36.04000092
2014-01-13,34.97999954
2014-01-14,35.77999878
2014-01-15,36.75999832
2014-01-16,36.88999939
2014-01-17,36.38000107
2014-01-21,36.16999817
2014-01-22,35.93000031
2014-01-23,36.06000137
2014-01-24,36.81000137
2014-01-27,36.02999878
2014-01-28,36.27000046
2014-01-29,36.65999985
2014-01-30,36.86000061
2014-01-31,37.84000015
2014-02-03,36.47999954
2014-02-04,36.34999847
2014-02-05,35.81999969
2014-02-06,36.18000031
2014-02-07,36.56000137
2014-02-10,36.79999924
2014-02-11,37.16999817
2014-02-12,37.47000122
2014-02-13,37.61000061
2014-02-14,37.61999893
2014-02-18,37.41999817
2014-02-19,37.50999832
2014-02-20,37.75
2014-02-21,37.97999954
2014-02-24,37.68999863
2014-02-25,37.54000092
2014-02-26,37.47000122
2014-02-27,37.86000061
2014-02-28,38.31000137
2014-03-03,37.77999878
2014-03-04,38.40999985
2014-03-05,38.11000061
2014-03-06,38.15000153
2014-03-07,37.90000153
2014-03-10,37.81999969
2014-03-11,38.02000046
2014-03-12,38.27000046
2014-03-13,37.88999939
2014-03-14,37.70000076
2014-03-17,38.04999924
2014-03-18,39.54999924
2014-03-19,39.27000046
2014-03-20,40.33000183
2014-03-21,40.15999985
2014-03-24,40.5
2014-03-25,40.34000015
2014-03-26,39.79000092
2014-03-27,39.36000061
2014-03-28,40.29999924
2014-03-31,40.99000168
2014-04-01,41.41999817
2014-04-02,41.34999847
2014-04-03,41.00999832
2014-04-04,39.86999893
2014-04-07,39.79999924
2014-04-08,39.81999969
2014-04-09,40.47000122
2014-04-10,39.36000061
2014-04-11,39.20999908
2014-04-14,39.18000031
2014-04-15,39.75
2014-04-16,40.40000153
2014-04-17,40.00999832
2014-04-21,39.93999863
2014-04-22,39.99000168
2014-04-23,39.68999863
2014-04-24,39.86000061
2014-04-25,39.90999985
2014-04-28,40.86999893
2014-04-29,40.50999832
2014-04-30,40.40000153
2014-05-01,40
2014-05-02,39.68999863
2014-05-05,39.43000031
2014-05-06,39.06000137
2014-05-07,39.41999817
2014-05-08,39.63999939
2014-05-09,39.54000092
2014-05-12,39.97000122
2014-05-13,40.41999817
2014-05-14,40.24000168
2014-05-15,39.59999847
2014-05-16,39.83000183
2014-05-19,39.75
2014-05-20,39.68000031
2014-05-21,40.34999847
2014-05-22,40.09999847
2014-05-23,40.11999893
2014-05-27,40.18999863
2014-05-28,40.00999832
2014-05-29,40.34000015
2014-05-30,40.93999863
2014-06-02,40.79000092
2014-06-03,40.29000092
2014-06-04,40.31999969
2014-06-05,41.20999908
2014-06-06,41.47999954
2014-06-09,41.27000046
2014-06-10,41.11000061
2014-06-11,40.86000061
2014-06-12,40.58000183
2014-06-13,41.22999954
2014-06-16,41.5
2014-06-17,41.68000031
2014-06-18,41.65000153
2014-06-19,41.50999832
2014-06-20,41.68000031
2014-06-23,41.99000168
2014-06-24,41.75
2014-06-25,42.02999878
2014-06-26,41.72000122
2014-06-27,42.25
2014-06-30,41.70000076
2014-07-01,41.86999893
2014-07-02,41.90000153
2014-07-03,41.79999924
2014-07-07,41.99000168
2014-07-08,41.77999878
2014-07-09,41.66999817
2014-07-10,41.68999863
2014-07-11,42.09000015
2014-07-14,42.13999939
2014-07-15,42.45000076
2014-07-16,44.08000183
2014-07-17,44.52999878
2014-07-18,44.68999863
2014-07-21,44.84000015
2014-07-22,44.83000183
2014-07-23,44.86999893
2014-07-24,44.40000153
2014-07-25,44.5
2014-07-28,43.97000122
2014-07-29,43.88999939
2014-07-30,43.58000183
2014-07-31,43.15999985
2014-08-01,42.86000061
2014-08-04,43.36999893
2014-08-05,43.08000183
2014-08-06,42.74000168
2014-08-07,43.22999954
2014-08-08,43.20000076
2014-08-11,43.20000076
2014-08-12,43.52000046
2014-08-13,44.08000183
2014-08-14,44.27000046
2014-08-15,44.79000092
2014-08-18,45.11000061
2014-08-19,45.33000183
2014-08-20,44.95000076
2014-08-21,45.22000122
2014-08-22,45.15000153
2014-08-25,45.16999817
2014-08-26,45.00999832
2014-08-27,44.86999893
2014-08-28,44.88000107
2014-08-29,45.43000031
2014-09-02,45.09000015
2014-09-03,44.95999908
2014-09-04,45.25999832
2014-09-05,45.90999985
2014-09-08,46.47000122
2014-09-09,46.75999832
2014-09-10,46.84000015
2014-09-11,47
2014-09-12,46.70000076
2014-09-15,46.24000168
2014-09-16,46.75999832
2014-09-17,46.52000046
2014-09-18,46.68000031
2014-09-19,47.52000046
2014-09-22,47.06000137
2014-09-23,46.56000137
2014-09-24,47.08000183
2014-09-25,46.04000092
2014-09-26,46.40999985
2014-09-29,46.43999863
2014-09-30,46.36000061
2014-10-01,45.90000153
2014-10-02,45.75999832
2014-10-03,46.09000015
2014-10-06,46.09000015
2014-10-07,45.52999878
2014-10-08,46.77999878
2014-10-09,45.84999847
2014-10-10,44.02999878
2014-10-13,43.65000153
2014-10-14,43.72999954
2014-10-15,43.22000122
2014-10-16,42.74000168
2014-10-17,43.63000107
2014-10-20,44.08000183
2014-10-21,44.88000107
2014-10-22,44.38000107
2014-10-23,45.02000046
2014-10-24,46.13000107
2014-10-27,45.90999985
2014-10-28,46.49000168
2014-10-29,46.61999893
2014-10-30,46.04999924
2014-10-31,46.95000076
2014-11-03,47.43999863
2014-11-04,47.56999969
2014-11-05,47.86000061
2014-11-06,48.70000076
2014-11-07,48.68000031
2014-11-10,48.88999939
2014-11-11,48.86999893
2014-11-12,48.77999878
2014-11-13,49.61000061
2014-11-14,49.58000183
2014-11-17,49.45999908
2014-11-18,48.74000168
2014-11-19,48.22000122
2014-11-20,48.70000076
2014-11-21,47.97999954
2014-11-24,47.59000015
2014-11-25,47.47000122
2014-11-26,47.75
2014-11-28,47.81000137
2014-12-01,48.61999893
2014-12-02,48.45999908
2014-12-03,48.08000183
2014-12-04,48.84000015
2014-12-05,48.41999817
2014-12-08,47.70000076
2014-12-09,47.59000015
2014-12-10,46.90000153
2014-12-11,47.16999817
2014-12-12,46.95000076
2014-12-15,46.66999817
2014-12-16,45.15999985
2014-12-17,45.74000168
2014-12-18,47.52000046
2014-12-19,47.65999985
2014-12-22,47.97999954
2014-12-23,48.45000076
2014-12-24,48.13999939
2014-12-26,47.88000107
2014-12-29,47.45000076
2014-12-30,47.02000046
2014-12-31,46.45000076
2015-01-02,46.75999832
2015-01-05,46.33000183
2015-01-06,45.65000153
2015-01-07,46.22999954
2015-01-08,47.59000015
2015-01-09,47.18999863
2015-01-12,46.59999847
2015-01-13,46.36000061
2015-01-14,45.95999908
2015-01-15,45.47999954
2015-01-16,46.24000168
2015-01-20,46.38999939
2015-01-21,45.91999817
2015-01-22,47.13000107
2015-01-23,47.18000031
2015-01-26,47.00999832
2015-01-27,42.65999985
2015-01-28,41.18999863
2015-01-29,42.00999832
2015-01-30,40.40000153
2015-02-02,41.27999878
2015-02-03,41.59999847
2015-02-04,41.84000015
2015-02-05,42.45000076
2015-02-06,42.40999985
2015-02-09,42.36000061
2015-02-10,42.59999847
2015-02-11,42.38000107
2015-02-12,43.09000015
2015-02-13,43.86999893
2015-02-17,43.58000183
2015-02-18,43.52999878
2015-02-19,43.5
2015-02-20,43.86000061
2015-02-23,44.15000153
2015-02-24,44.09000015
2015-02-25,43.99000168
2015-02-26,44.06000137
2015-02-27,43.84999847
2015-03-02,43.88000107
2015-03-03,43.27999878
2015-03-04,43.06000137
2015-03-05,43.11000061
2015-03-06,42.36000061
2015-03-09,42.84999847
2015-03-10,42.02999878
2015-03-11,41.97999954
2015-03-12,41.02000046
2015-03-13,41.38000107
2015-03-16,41.56000137
2015-03-17,41.70000076
2015-03-18,42.5
2015-03-19,42.29000092
2015-03-20,42.88000107
2015-03-23,42.86000061
2015-03-24,42.90000153
2015-03-25,41.45999908
2015-03-26,41.20999908
2015-03-27,40.97000122
2015-03-30,40.95999908
2015-03-31,40.65999985
2015-04-01,40.72000122
2015-04-02,40.29000092
2015-04-06,41.54999924
2015-04-07,41.52999878
2015-04-08,41.41999817
2015-04-09,41.47999954
2015-04-10,41.72000122
2015-04-13,41.75999832
2015-04-14,41.65000153
2015-04-15,42.25999832
2015-04-16,42.15999985
2015-04-17,41.61999893
2015-04-20,42.90999985
2015-04-21,42.63999939
2015-04-22,42.99000168
2015-04-23,43.34000015
2015-04-24,47.86999893
2015-04-27,48.02999878
2015-04-28,49.15999985
2015-04-29,49.06000137
2015-04-30,48.63999939
2015-05-01,48.65999985
2015-05-04,48.24000168
2015-05-05,47.59999847
2015-05-06,46.27999878
2015-05-07,46.70000076
2015-05-08,47.75
2015-05-11,47.36999893
2015-05-12,47.34999847
2015-05-13,47.63000107
2015-05-14,48.72000122
2015-05-15,48.29999924
2015-05-18,48.00999832
2015-05-19,47.58000183
2015-05-20,47.58000183
2015-05-21,47.41999817
2015-05-22,46.90000153
2015-05-26,46.59000015
2015-05-27,47.61000061
2015-05-28,47.45000076
2015-05-29,46.86000061
2015-06-01,47.22999954
2015-06-02,46.91999817
2015-06-03,46.84999847
2015-06-04,46.36000061
2015-06-05,46.13999939
2015-06-08,45.72999954
2015-06-09,45.65000153
2015-06-10,46.61000061
2015-06-11,46.43999863
2015-06-12,45.97000122
2015-06-15,45.47999954
2015-06-16,45.83000183
2015-06-17,45.97000122
2015-06-18,46.72000122
2015-06-19,46.09999847
2015-06-22,46.22999954
2015-06-23,45.90999985
2015-06-24,45.63999939
2015-06-25,45.65000153
2015-06-26,45.25999832
2015-06-29,44.36999893
2015-06-30,44.15000153
2015-07-01,44.45000076
2015-07-02,44.40000153
2015-07-06,44.38999939
2015-07-07,44.29999924
2015-07-08,44.24000168
2015-07-09,44.52000046
2015-07-10,44.61000061
2015-07-13,45.54000092
2015-07-14,45.61999893
2015-07-15,45.75999832
2015-07-16,46.65999985
2015-07-17,46.61999893
2015-07-20,46.91999817
2015-07-21,47.27999878
2015-07-22,45.54000092
2015-07-23,46.11000061
2015-07-24,45.93999863
2015-07-27,45.34999847
2015-07-28,45.34000015
2015-07-29,46.29000092
2015-07-30,46.88000107
2015-07-31,46.70000076
2015-08-03,46.81000137
2015-08-04,47.54000092
2015-08-05,47.58000183
2015-08-06,46.61999893
2015-08-07,46.74000168
2015-08-10,47.33000183
2015-08-11,46.40999985
2015-08-12,46.74000168
2015-08-13,46.72999954
2015-08-14,47
2015-08-17,47.31999969
2015-08-18,47.27000046
2015-08-19,46.61000061
2015-08-20,45.65999985
2015-08-21,43.06999969
2015-08-24,41.68000031
2015-08-25,40.47000122
2015-08-26,42.70999908
2015-08-27,43.90000153
2015-08-28,43.93000031
2015-08-31,43.52000046
2015-09-01,41.81999969
2015-09-02,43.36000061
2015-09-03,43.5
2015-09-04,42.61000061
2015-09-08,43.88999939
2015-09-09,43.06999969
2015-09-10,43.29000092
2015-09-11,43.47999954
2015-09-14,43.04000092
2015-09-15,43.97999954
2015-09-16,44.29999924
2015-09-17,44.25
2015-09-18,43.47999954
2015-09-21,44.11000061
2015-09-22,43.90000153
2015-09-23,43.86999893
2015-09-24,43.90999985
2015-09-25,43.93999863
2015-09-28,43.29000092
2015-09-29,43.43999863
2015-09-30,44.25999832
2015-10-01,44.61000061
2015-10-02,45.56999969
2015-10-05,46.63000107
2015-10-06,46.75
2015-10-07,46.79999924
2015-10-08,47.45000076
2015-10-09,47.11000061
2015-10-12,47
2015-10-13,46.88999939
2015-10-14,46.68000031
2015-10-15,47.00999832
2015-10-16,47.50999832
2015-10-19,47.61999893
2015-10-20,47.77000046
2015-10-21,47.20000076
2015-10-22,48.02999878
2015-10-23,52.86999893
2015-10-26,54.25
2015-10-27,53.68999863
2015-10-28,53.97999954
2015-10-29,53.36000061
2015-10-30,52.63999939
2015-11-02,53.24000168
2015-11-03,54.15000153
2015-11-04,54.40000153
2015-11-05,54.38000107
2015-11-06,54.91999817
2015-11-09,54.15999985
2015-11-10,53.50999832
2015-11-11,53.65000153
2015-11-12,53.31999969
2015-11-13,52.84000015
2015-11-16,53.77000046
2015-11-17,52.97000122
2015-11-18,53.84999847
2015-11-19,53.93999863
2015-11-20,54.18999863
2015-11-23,54.18999863
2015-11-24,54.25
2015-11-25,53.68999863
2015-11-27,53.93000031
2015-11-30,54.34999847
2015-12-01,55.22000122
2015-12-02,55.20999908
2015-12-03,54.20000076
2015-12-04,55.90999985
2015-12-07,55.81000137
2015-12-08,55.79000092
2015-12-09,54.97999954
2015-12-10,55.27000046
2015-12-11,54.06000137
2015-12-14,55.13999939
2015-12-15,55.20000076
2015-12-16,56.13000107
2015-12-17,55.70000076
2015-12-18,54.13000107
2015-12-21,54.83000183
2015-12-22,55.34999847
2015-12-23,55.81999969
2015-12-24,55.66999817
2015-12-28,55.95000076
2015-12-29,56.54999924
2015-12-30,56.31000137
2015-12-31,55.47999954
2016-01-04,54.79999924
2016-01-05,55.04999924
2016-01-06,54.04999924
2016-01-07,52.16999817
2016-01-08,52.33000183
2016-01-11,52.29999924
2016-01-12,52.77999878
2016-01-13,51.63999939
2016-01-14,53.11000061
2016-01-15,50.99000168
2016-01-19,50.56000137
2016-01-20,50.79000092
2016-01-21,50.47999954
2016-01-22,52.29000092
2016-01-25,51.79000092
2016-01-26,52.16999817
2016-01-27,51.22000122
2016-01-28,52.06000137
2016-01-29,55.09000015
2016-02-01,54.70999908
2016-02-02,53
2016-02-03,52.15999985
2016-02-04,52
2016-02-05,50.15999985
2016-02-08,49.40999985
2016-02-09,49.27999878
2016-02-10,49.70999908
2016-02-11,49.68999863
2016-02-12,50.5
2016-02-16,51.09000015
2016-02-17,52.41999817
2016-02-18,52.18999863
2016-02-19,51.81999969
2016-02-22,52.65000153
2016-02-23,51.18000031
2016-02-24,51.36000061
2016-02-25,52.09999847
2016-02-26,51.29999924
2016-02-29,50.88000107
2016-03-01,52.58000183
2016-03-02,52.95000076
2016-03-03,52.34999847
2016-03-04,52.02999878
2016-03-07,51.02999878
2016-03-08,51.65000153
2016-03-09,52.84000015
2016-03-10,52.04999924
2016-03-11,53.06999969
2016-03-14,53.16999817
2016-03-15,53.59000015
2016-03-16,54.34999847
2016-03-17,54.65999985
2016-03-18,53.49000168
2016-03-21,53.86000061
2016-03-22,54.06999969
2016-03-23,53.97000122
2016-03-24,54.20999908
2016-03-28,53.54000092
2016-03-29,54.70999908
2016-03-30,55.04999924
2016-03-31,55.22999954
2016-04-01,55.56999969
2016-04-04,55.43000031
2016-04-05,54.56000137
2016-04-06,55.11999893
2016-04-07,54.45999908
2016-04-08,54.41999817
2016-04-11,54.31000137
2016-04-12,54.65000153
2016-04-13,55.34999847
2016-04-14,55.36000061
2016-04-15,55.65000153
2016-04-18,56.45999908
2016-04-19,56.38999939
2016-04-20,55.59000015
2016-04-21,55.77999878
2016-04-22,51.77999878
2016-04-25,52.11000061
2016-04-26,51.43999863
2016-04-27,50.93999863
2016-04-28,49.90000153
2016-04-29,49.86999893
2016-05-02,50.61000061
2016-05-03,49.77999878
2016-05-04,49.86999893
2016-05-05,49.93999863
2016-05-06,50.38999939
2016-05-09,50.06999969
2016-05-10,51.02000046
2016-05-11,51.04999924
2016-05-12,51.50999832
2016-05-13,51.08000183
2016-05-16,51.83000183
2016-05-17,50.50999832
2016-05-18,50.81000137
2016-05-19,50.31999969
2016-05-20,50.61999893
2016-05-23,50.02999878
2016-05-24,51.59000015
2016-05-25,52.11999893
2016-05-26,51.88999939
2016-05-27,52.31999969
2016-05-31,53
2016-06-01,52.84999847
2016-06-02,52.47999954
2016-06-03,51.79000092
2016-06-06,52.13000107
2016-06-07,52.09999847
2016-06-08,52.04000092
2016-06-09,51.61999893
2016-06-10,51.47999954
2016-06-13,50.13999939
2016-06-14,49.83000183
2016-06-15,49.68999863
2016-06-16,50.38999939
2016-06-17,50.13000107
2016-06-20,50.06999969
2016-06-21,51.18999863
2016-06-22,50.99000168
2016-06-23,51.90999985
2016-06-24,49.83000183
2016-06-27,48.43000031
2016-06-28,49.43999863
2016-06-29,50.54000092
2016-06-30,51.16999817
2016-07-01,51.15999985
2016-07-05,51.16999817
2016-07-06,51.38000107
2016-07-07,51.38000107
2016-07-08,52.29999924
2016-07-11,52.59000015
2016-07-12,53.20999908
2016-07-13,53.50999832
2016-07-14,53.74000168
2016-07-15,53.70000076
2016-07-18,53.95999908
2016-07-19,53.09000015
2016-07-20,55.90999985
2016-07-21,55.79999924
2016-07-22,56.56999969
2016-07-25,56.72999954
2016-07-26,56.75999832
2016-07-27,56.18999863
2016-07-28,56.20999908
2016-07-29,56.68000031
2016-08-01,56.58000183
2016-08-02,56.58000183
2016-08-03,56.97000122
2016-08-04,57.38999939
2016-08-05,57.95999908
2016-08-08,58.06000137
2016-08-09,58.20000076
2016-08-10,58.02000046
2016-08-11,58.29999924
2016-08-12,57.93999863
2016-08-15,58.11999893
2016-08-16,57.43999863
2016-08-17,57.56000137
2016-08-18,57.59999847
2016-08-19,57.61999893
2016-08-22,57.66999817
2016-08-23,57.88999939
2016-08-24,57.95000076
2016-08-25,58.16999817
2016-08-26,58.02999878
2016-08-29,58.09999847
2016-08-30,57.88999939
2016-08-31,57.45999908
2016-09-01,57.59000015
2016-09-02,57.66999817
2016-09-06,57.61000061
2016-09-07,57.65999985
2016-09-08,57.43000031
2016-09-09,56.20999908
2016-09-12,57.04999924
2016-09-13,56.52999878
2016-09-14,56.25999832
2016-09-15,57.18999863
2016-09-16,57.25
2016-09-19,56.93000031
2016-09-20,56.81000137
2016-09-21,57.75999832
2016-09-22,57.81999969
2016-09-23,57.43000031
2016-09-26,56.90000153
2016-09-27,57.95000076
2016-09-28,58.02999878
2016-09-29,57.40000153
2016-09-30,57.59999847
2016-10-03,57.41999817
2016-10-04,57.24000168
2016-10-05,57.63999939
2016-10-06,57.74000168
2016-10-07,57.79999924
2016-10-10,58.04000092
2016-10-11,57.18999863
2016-10-12,57.11000061
2016-10-13,56.91999817
2016-10-14,57.41999817
2016-10-17,57.22000122
2016-10-18,57.65999985
2016-10-19,57.52999878
2016-10-20,57.25
2016-10-21,59.65999985
2016-10-24,61
2016-10-25,60.99000168
2016-10-26,60.63000107
2016-10-27,60.09999847
2016-10-28,59.86999893
2016-10-31,59.91999817
2016-11-01,59.79999924
2016-11-02,59.43000031
2016-11-03,59.20999908
2016-11-04,58.70999908
2016-11-07,60.41999817
2016-11-08,60.47000122
2016-11-09,60.16999817
2016-11-10,58.70000076
2016-11-11,59.02000046
2016-11-14,58.11999893
2016-11-15,58.86999893
2016-11-16,59.65000153
2016-11-17,60.63999939
2016-11-18,60.34999847
2016-11-21,60.86000061
2016-11-22,61.11999893
2016-11-23,60.40000153
2016-11-25,60.52999878
2016-11-28,60.61000061
2016-11-29,61.09000015
2016-11-30,60.25999832
2016-12-01,59.20000076
2016-12-02,59.25
2016-12-05,60.22000122
2016-12-06,59.95000076
2016-12-07,61.36999893
2016-12-08,61.00999832
2016-12-09,61.97000122
2016-12-12,62.16999817
2016-12-13,62.97999954
2016-12-14,62.68000031
2016-12-15,62.58000183
2016-12-16,62.29999924
2016-12-19,63.61999893
2016-12-20,63.54000092
2016-12-21,63.54000092
2016-12-22,63.54999924
2016-12-23,63.24000168
2016-12-27,63.27999878
2016-12-28,62.99000168
2016-12-29,62.90000153
2016-12-30,62.13999939
2017-01-03,62.58000183
2017-01-04,62.29999924
2017-01-05,62.29999924
2017-01-06,62.84000015
2017-01-09,62.63999939
2017-01-10,62.61999893
2017-01-11,63.18999863
2017-01-12,62.61000061
2017-01-13,62.70000076
2017-01-17,62.52999878
2017-01-18,62.5
2017-01-19,62.29999924
2017-01-20,62.74000168
2017-01-23,62.95999908
2017-01-24,63.52000046
2017-01-25,63.68000031
2017-01-26,64.26999664
2017-01-27,65.77999878
2017-01-30,65.12999725
2017-01-31,64.65000153
2017-02-01,63.58000183
2017-02-02,63.16999817
2017-02-03,63.68000031
2017-02-06,63.63999939
2017-02-07,63.43000031
2017-02-08,63.34000015
2017-02-09,64.05999756
2017-02-10,64
2017-02-13,64.72000122
2017-02-14,64.56999969
2017-02-15,64.52999878
2017-02-16,64.51999664
2017-02-17,64.62000275
2017-02-21,64.48999786
2017-02-22,64.36000061
2017-02-23,64.62000275
2017-02-24,64.62000275
2017-02-27,64.23000336
2017-02-28,63.97999954
2017-03-01,64.94000244
2017-03-02,64.01000214
2017-03-03,64.25
2017-03-06,64.26999664
2017-03-07,64.40000153
2017-03-08,64.98999786
2017-03-09,64.73000336
2017-03-10,64.93000031
2017-03-13,64.70999908
2017-03-14,64.41000366
2017-03-15,64.75
2017-03-16,64.63999939
2017-03-17,64.87000275
2017-03-20,64.93000031
2017-03-21,64.20999908
2017-03-22,65.02999878
2017-03-23,64.87000275
2017-03-24,64.98000336
2017-03-27,65.09999847
2017-03-28,65.29000092
2017-03-29,65.47000122
2017-03-30,65.70999908
2017-03-31,65.86000061
2017-04-03,65.55000305
2017-04-04,65.73000336
2017-04-05,65.55999756
2017-04-06,65.73000336
2017-04-07,65.68000031
2017-04-10,65.52999878
2017-04-11,65.48000336
2017-04-12,65.23000336
2017-04-13,64.94999695
2017-04-17,65.48000336
2017-04-18,65.38999939
2017-04-19,65.04000092
2017-04-20,65.5
2017-04-21,66.40000153
2017-04-24,67.52999878
2017-04-25,67.91999817
2017-04-26,67.83000183
2017-04-27,68.26999664
2017-04-28,68.45999908
2017-05-01,69.41000366
2017-05-02,69.30000305
2017-05-03,69.08000183
2017-05-04,68.80999756
2017-05-05,69
2017-05-08,68.94000244
2017-05-09,69.04000092
2017-05-10,69.30999756
2017-05-11,68.45999908
2017-05-12,68.37999725
2017-05-15,68.43000031
2017-05-16,69.41000366
2017-05-17,67.48000336
2017-05-18,67.70999908
2017-05-19,67.69000244
2017-05-22,68.44999695
2017-05-23,68.68000031
2017-05-24,68.76999664
2017-05-25,69.62000275
2017-05-26,69.95999908
2017-05-30,70.41000366
2017-05-31,69.83999634
2017-06-01,70.09999847
2017-06-02,71.76000214
2017-06-05,72.27999878
2017-06-06,72.51999664
2017-06-07,72.38999939
2017-06-08,71.94999695
2017-06-09,70.31999969
2017-06-12,69.77999878
2017-06-13,70.65000153
2017-06-14,70.26999664
2017-06-15,69.90000153
2017-06-16,70
2017-06-19,70.87000275
2017-06-20,69.91000366
2017-06-21,70.26999664
2017-06-22,70.26000214
2017-06-23,71.20999908
2017-06-26,70.52999878
2017-06-27,69.20999908
2017-06-28,69.80000305
2017-06-29,68.48999786
2017-06-30,68.93000031
2017-07-03,68.16999817
2017-07-05,69.08000183
2017-07-06,68.56999969
2017-07-07,69.45999908
2017-07-10,69.98000336
2017-07-11,69.98999786
2017-07-12,71.15000153
2017-07-13,71.76999664
2017-07-14,72.77999878
2017-07-17,73.34999847
2017-07-18,73.30000305
2017-07-19,73.86000061
2017-07-20,74.22000122
2017-07-21,73.79000092
2017-07-24,73.59999847
2017-07-25,74.19000244
2017-07-26,74.05000305
2017-07-27,73.16000366
2017-07-28,73.04000092
2017-07-31,72.69999695
2017-08-01,72.58000183
2017-08-02,72.26000214
2017-08-03,72.15000153
2017-08-04,72.68000031
2017-08-07,72.40000153
2017-08-08,72.79000092
2017-08-09,72.47000122
2017-08-10,71.41000366
2017-08-11,72.5
2017-08-14,73.58999634
2017-08-15,73.22000122
2017-08-16,73.65000153
2017-08-17,72.40000153
2017-08-18,72.48999786
2017-08-21,72.15000153
2017-08-22,73.16000366
2017-08-23,72.72000122
2017-08-24,72.69000244
2017-08-25,72.81999969
2017-08-28,72.83000183
2017-08-29,73.05000305
2017-08-30,74.01000214
2017-08-31,74.76999664
2017-09-01,73.94000244
2017-09-05,73.61000061
2017-09-06,73.40000153
2017-09-07,74.33999634
2017-09-08,73.98000336
2017-09-11,74.76000214
2017-09-12,74.68000031
2017-09-13,75.20999908
2017-09-14,74.76999664
2017-09-15,75.30999756
2017-09-18,75.16000366
2017-09-19,75.44000244
2017-09-20,74.94000244
2017-09-21,74.20999908
2017-09-22,74.41000366
2017-09-25,73.26000214
2017-09-26,73.26000214
2017-09-27,73.84999847
2017-09-28,73.87000275
2017-09-29,74.48999786
2017-10-02,74.61000061
2017-10-03,74.26000214
2017-10-04,74.69000244
2017-10-05,75.97000122
2017-10-06,76
2017-10-09,76.29000092
2017-10-10,76.29000092
2017-10-11,76.41999817
2017-10-12,77.12000275
2017-10-13,77.48999786
2017-10-16,77.65000153
2017-10-17,77.58999634
2017-10-18,77.61000061
2017-10-19,77.91000366
2017-10-20,78.80999756
2017-10-23,78.83000183
2017-10-24,78.86000061
2017-10-25,78.62999725
2017-10-26,78.76000214
2017-10-27,83.80999756
2017-10-30,83.88999939
2017-10-31,83.18000031
2017-11-01,83.18000031
2017-11-02,84.05000305
2017-11-03,84.13999939
2017-11-06,84.47000122
2017-11-07,84.26999664
2017-11-08,84.55999756
2017-11-09,84.08999634
2017-11-10,83.87000275
2017-11-13,83.93000031
2017-11-14,84.05000305
2017-11-15,82.98000336
2017-11-16,83.19999695
2017-11-17,82.40000153
2017-11-20,82.52999878
2017-11-21,83.72000122
2017-11-22,83.11000061
2017-11-24,83.26000214
2017-11-27,83.87000275
2017-11-28,84.87999725
2017-11-29,83.33999634
2017-11-30,84.16999817
2017-12-01,84.26000214
2017-12-04,81.08000183
2017-12-05,81.58999634
2017-12-06,82.77999878
2017-12-07,82.48999786
2017-12-08,84.16000366
2017-12-11,85.23000336
2017-12-12,85.58000183
2017-12-13,85.34999847
2017-12-14,84.69000244
2017-12-15,86.84999847
2017-12-18,86.37999725
2017-12-19,85.83000183
2017-12-20,85.51999664
2017-12-21,85.5
2017-12-22,85.51000214
2017-12-26,85.40000153
2017-12-27,85.70999908
2017-12-28,85.72000122
2017-12-29,85.54000092
2018-01-02,85.94999695
2018-01-03,86.34999847
2018-01-04,87.11000061
2018-01-05,88.19000244
2018-01-08,88.27999878
2018-01-09,88.22000122
2018-01-10,87.81999969
2018-01-11,88.08000183
2018-01-12,89.59999847
2018-01-16,88.34999847
2018-01-17,90.13999939
2018-01-18,90.09999847
2018-01-19,90
2018-01-22,91.61000061
2018-01-23,91.90000153
2018-01-24,91.81999969
2018-01-25,92.33000183
2018-01-26,94.05999756
2018-01-29,93.91999817
2018-01-30,92.73999786
2018-01-31,95.01000214
2018-02-01,94.26000214
2018-02-02,91.77999878
2018-02-05,88
2018-02-06,91.33000183
2018-02-07,89.61000061
2018-02-08,85.01000214
2018-02-09,88.18000031
2018-02-12,89.12999725
2018-02-13,89.83000183
2018-02-14,90.80999756
2018-02-15,92.66000366
2018-02-16,92
2018-02-20,92.72000122
2018-02-21,91.48999786
2018-02-22,91.73000336
2018-02-23,94.05999756
2018-02-26,95.41999817
2018-02-27,94.19999695
2018-02-28,93.76999664
2018-03-01,92.84999847
2018-03-02,93.05000305
2018-03-05,93.63999939
2018-03-06,93.31999969
2018-03-07,93.86000061
2018-03-08,94.43000031
2018-03-09,96.54000092
2018-03-12,96.76999664
2018-03-13,94.41000366
2018-03-14,93.84999847
2018-03-15,94.18000031
2018-03-16,94.59999847
2018-03-19,92.88999939
2018-03-20,93.12999725
2018-03-21,92.48000336
2018-03-22,89.79000092
2018-03-23,87.18000031
2018-03-26,93.77999878
2018-03-27,89.47000122
2018-03-28,89.38999939
2018-03-29,91.26999664
2018-04-02,88.51999664
2018-04-03,89.70999908
2018-04-04,92.33000183
2018-04-05,92.37999725
2018-04-06,90.23000336
2018-04-09,90.76999664
2018-04-10,92.87999725
2018-04-11,91.86000061
2018-04-12,93.58000183
2018-04-13,93.08000183
2018-04-16,94.16999817
2018-04-17,96.06999969
2018-04-18,96.44000244
2018-04-19,96.11000061
2018-04-20,95
2018-04-23,95.34999847
2018-04-24,93.12000275
2018-04-25,92.30999756
2018-04-26,94.26000214
2018-04-27,95.81999969
2018-04-30,93.51999664
2018-05-01,95
2018-05-02,93.51000214
2018-05-03,94.06999969
2018-05-04,95.16000366
2018-05-07,96.22000122
2018-05-08,95.80999756
2018-05-09,96.94000244
2018-05-10,97.91000366
2018-05-11,97.69999695
2018-05-14,98.02999878
2018-05-15,97.31999969
2018-05-16,97.15000153
2018-05-17,96.18000031
2018-05-18,96.36000061
2018-05-21,97.59999847
2018-05-22,97.5
2018-05-23,98.66000366
2018-05-24,98.30999756
2018-05-25,98.36000061
2018-05-29,98.01000214
2018-05-30,98.94999695
2018-05-31,98.83999634
2018-06-01,100.7900009
2018-06-04,101.6699982
2018-06-05,102.1900024
2018-06-06,102.4899979
2018-06-07,100.8799973
2018-06-08,101.6299973
2018-06-11,101.0500031
2018-06-12,101.3099976
2018-06-13,100.8499985
2018-06-14,101.4199982
2018-06-15,100.1299973
2018-06-18,100.8600006
2018-06-19,100.8600006
2018-06-20,101.8700027
2018-06-21,101.1399994
2018-06-22,100.4100037
2018-06-25,98.38999939
2018-06-26,99.08000183
2018-06-27,97.54000092
2018-06-28,98.62999725
2018-06-29,98.61000061
2018-07-02,100.0100021
2018-07-03,99.05000305
2018-07-05,99.76000214
2018-07-06,101.1600037
2018-07-09,101.8499985
2018-07-10,102.1200027
2018-07-11,101.9800034
2018-07-12,104.1900024
2018-07-13,105.4300003
2018-07-16,104.9100037
2018-07-17,105.9499969
2018-07-18,105.1200027
2018-07-19,104.4000015
2018-07-20,106.2699966
2018-07-23,107.9700012
2018-07-24,107.6600037
2018-07-25,110.8300018
2018-07-26,109.6200027
2018-07-27,107.6800003
2018-07-30,105.3700027
2018-07-31,106.0800018
2018-08-01,106.2799988
2018-08-02,107.5699997
2018-08-03,108.0400009
2018-08-06,108.1299973
2018-08-07,108.8799973
2018-08-08,109.4899979
2018-08-09,109.6699982
2018-08-10,109
2018-08-13,108.2099991
2018-08-14,109.5599976
2018-08-15,107.6600037
2018-08-16,107.6399994
2018-08-17,107.5800018
2018-08-20,106.8700027
2018-08-21,105.9800034
2018-08-22,107.0599976
2018-08-23,107.5599976
2018-08-24,108.4000015
2018-08-27,109.5999985
2018-08-28,110.2600021
2018-08-29,112.0199966
2018-08-30,111.9499969
2018-08-31,112.3300018
2018-09-04,111.7099991
2018-09-05,108.4899979
2018-09-06,108.7399979
2018-09-07,108.2099991
2018-09-10,109.3799973
2018-09-11,111.2399979
2018-09-12,111.7099991
2018-09-13,112.9100037
2018-09-14,113.3700027
2018-09-17,112.1399994
2018-09-18,113.2099991
2018-09-19,111.6999969
2018-09-20,113.5699997
2018-09-21,114.2600021
2018-09-24,114.6699982
2018-09-25,114.4499969
2018-09-26,113.9800034
2018-09-27,114.4100037
2018-09-28,114.3700027
2018-10-01,115.6100006
2018-10-02,115.1500015
2018-10-03,115.1699982
2018-10-04,112.7900009
2018-10-05,112.1299973
2018-10-08,110.8499985
2018-10-09,112.2600021
2018-10-10,106.1600037
2018-10-11,105.9100037
2018-10-12,109.5699997
2018-10-15,107.5999985
2018-10-16,111
2018-10-17,110.7099991
2018-10-18,108.5
2018-10-19,108.6600037
2018-10-22,109.6299973
2018-10-23,108.0999985
2018-10-24,102.3199997
2018-10-25,108.3000031
2018-10-26,106.9599991
2018-10-29,103.8499985
2018-10-30,103.7300034
2018-10-31,106.8099976
2018-11-01,105.9199982
2018-11-02,106.1600037
2018-11-05,107.5100021
2018-11-06,107.7200012
2018-11-07,111.9599991
2018-11-08,111.75
2018-11-09,109.5699997
2018-11-12,106.8700027
2018-11-13,106.9400024
2018-11-14,104.9700012
2018-11-15,107.2799988
2018-11-16,108.2900009
2018-11-19,104.6200027
2018-11-20,101.7099991
2018-11-21,103.1100006
2018-11-23,103.0699997
2018-11-26,106.4700012
2018-11-27,107.1399994
2018-11-28,111.1200027
2018-11-29,110.1900024
2018-11-30,110.8899994
2018-12-03,112.0899963
2018-12-04,108.5199966
2018-12-06,109.1900024
2018-12-07,104.8199997
2018-12-10,107.5899963
2018-12-11,108.5899963
2018-12-12,109.0800018
2018-12-13,109.4499969
2018-12-14,106.0299988
2018-12-17,102.8899994
2018-12-18,103.9700012
2018-12-19,103.6900024
2018-12-20,101.5100021
2018-12-21,98.23000336
2018-12-24,94.12999725
2018-12-26,100.5599976
2018-12-27,101.1800003
2018-12-28,100.3899994
2018-12-31,101.5699997
2019-01-02,101.1200027
2019-01-03,97.40000153
2019-01-04,101.9300003
2019-01-07,102.0599976
2019-01-08,102.8000031
2019-01-09,104.2699966
2019-01-10,103.5999985
2019-01-11,102.8000031
2019-01-14,102.0500031
2019-01-15,105.0100021
2019-01-16,105.3799973
2019-01-17,106.1200027
2019-01-18,107.7099991
2019-01-22,105.6800003
2019-01-23,106.7099991
2019-01-24,106.1999969
2019-01-25,107.1699982
2019-01-28,105.0800018
2019-01-29,102.9400024
2019-01-30,106.3799973
2019-01-31,104.4300003
2019-02-01,102.7799988
2019-02-04,105.7399979
2019-02-05,107.2200012
2019-02-06,106.0299988
2019-02-07,105.2699966
2019-02-08,105.6699982
2019-02-11,105.25
2019-02-12,106.8899994
2019-02-13,106.8099976
2019-02-14,106.9000015
2019-02-15,108.2200012
2019-02-19,108.1699982
2019-02-20,107.1500015
2019-02-21,109.4100037
2019-02-22,110.9700012
2019-02-25,111.5899963
2019-02-26,112.3600006
2019-02-27,112.1699982
2019-02-28,112.0299988
2019-03-01,112.5299988
2019-03-04,112.2600021
2019-03-05,111.6999969
2019-03-06,111.75
2019-03-07,110.3899994
2019-03-08,110.5100021
2019-03-11,112.8300018
2019-03-12,113.6200027
2019-03-13,114.5
2019-03-14,114.5899963
2019-03-15,115.9100037
2019-03-18,117.5699997
2019-03-19,117.6500015
2019-03-20,117.5199966
2019-03-21,120.2200012
2019-03-22,117.0500031
2019-03-25,117.6600037
2019-03-26,117.9100037
2019-03-27,116.7699966
2019-03-28,116.9300003
2019-03-29,117.9400024
2019-04-01,119.0199966
2019-04-02,119.1900024
2019-04-03,119.9700012
2019-04-04,119.3600006
2019-04-05,119.8899994
2019-04-08,119.9300003
2019-04-09,119.2799988
2019-04-10,120.1900024
2019-04-11,120.3300018
2019-04-12,120.9499969
2019-04-15,121.0500031
2019-04-16,120.7699966
2019-04-17,121.7699966
2019-04-18,123.3700027
2019-04-22,123.7600021
2019-04-23,125.4400024
2019-04-24,125.0100021
2019-04-25,129.1499939
2019-04-26,129.8899994
2019-04-29,129.7700043
2019-04-30,130.6000061
2019-05-01,127.8799973
2019-05-02,126.2099991
2019-05-03,128.8999939
2019-05-06,128.1499939
2019-05-07,125.5199966
2019-05-08,125.5100021
2019-05-09,125.5
2019-05-10,127.1299973
2019-05-13,123.3499985
2019-05-14,124.7300034
2019-05-15,126.0199966
2019-05-16,128.9299927
2019-05-17,128.0700073
2019-05-20,126.2200012
2019-05-21,126.9000015
2019-05-22,127.6699982
2019-05-23,126.1800003
2019-05-24,126.2399979
2019-05-28,126.1600037
2019-05-29,124.9400024
2019-05-30,125.7300034
2019-05-31,123.6800003
2019-06-03,119.8399963
2019-06-04,123.1600037
2019-06-05,125.8300018
2019-06-06,127.8199997
2019-06-07,131.3999939
2019-06-10,132.6000061
2019-06-11,132.1000061
2019-06-12,131.4900055
2019-06-13,132.3200073
2019-06-14,132.4499969
2019-06-17,132.8500061
2019-06-18,135.1600037
2019-06-19,135.6900024
2019-06-20,136.9499969
2019-06-21,136.9700012
2019-06-24,137.7799988
2019-06-25,133.4299927
2019-06-26,133.9299927
2019-06-27,134.1499939
2019-06-28,133.9600067
2019-07-01,135.6799927
2019-07-02,136.5800018
2019-07-03,137.4600067
2019-07-05,137.0599976
2019-07-08,136.9600067
2019-07-09,136.4600067
2019-07-10,137.8500061
2019-07-11,138.3999939
2019-07-12,138.8999939
2019-07-15,138.8999939
2019-07-16,137.0800018
2019-07-17,136.2700043
2019-07-18,136.4199982
2019-07-19,136.6199951
2019-07-22,138.4299927
2019-07-23,139.2899933
2019-07-24,140.7200012
2019-07-25,140.1900024
2019-07-26,141.3399963
2019-07-29,141.0299988
2019-07-30,140.3500061
2019-07-31,136.2700043
2019-08-01,138.0599976
2019-08-02,136.8999939
2019-08-05,132.2100067
2019-08-06,134.6900024
2019-08-07,135.2799988
2019-08-08,138.8899994
2019-08-09,137.7100067
2019-08-12,135.7899933
2019-08-13,138.6000061
2019-08-14,133.9799957
2019-08-15,133.6799927
2019-08-16,136.1300049
2019-08-19,138.4100037
2019-08-20,137.2599945
2019-08-21,138.7899933
2019-08-22,137.7799988
2019-08-23,133.3899994
2019-08-26,135.4499969
2019-08-27,135.7400055
2019-08-28,135.5599976
2019-08-29,138.1199951
2019-08-30,137.8600006
2019-09-03,136.0399933
2019-09-04,137.6300049
2019-09-05,140.0500031
2019-09-06,139.1000061
2019-09-09,137.5200043
2019-09-10,136.0800018
2019-09-11,136.1199951
2019-09-12,137.5200043
2019-09-13,137.3200073
2019-09-16,136.3300018
2019-09-17,137.3899994
2019-09-18,138.5200043
2019-09-19,141.0700073
2019-09-20,139.4400024
2019-09-23,139.1399994
2019-09-24,137.3800049
2019-09-25,139.3600006
2019-09-26,139.5399933
2019-09-27,137.7299957
2019-09-30,139.0299988
2019-10-01,137.0700073
2019-10-02,134.6499939
2019-10-03,136.2799988
2019-10-04,138.1199951
2019-10-07,137.1199951
2019-10-08,135.6699982
2019-10-09,138.2400055
2019-10-10,139.1000061
2019-10-11,139.6799927
2019-10-14,139.5500031
2019-10-15,141.5700073
2019-10-16,140.4100037
2019-10-17,139.6900024
2019-10-18,137.4100037
2019-10-21,138.4299927
2019-10-22,136.3699951
2019-10-23,137.2400055
2019-10-24,139.9400024
2019-10-25,140.7299957
2019-10-28,144.1900024
2019-10-29,142.8300018
2019-10-30,144.6100006
2019-10-31,143.3699951
2019-11-01,143.7200012
2019-11-04,144.5500031
2019-11-05,144.4600067
2019-11-06,144.0599976
2019-11-07,144.2599945
2019-11-08,145.9600067
2019-11-11,146.1100006
2019-11-12,147.0700073
2019-11-13,147.3099976
2019-11-14,148.0599976
2019-11-15,149.9700012
2019-11-18,150.3399963
2019-11-19,150.3899994
2019-11-20,149.6199951
2019-11-21,149.4799957
2019-11-22,149.5899963
2019-11-25,151.2299957
2019-11-26,152.0299988
2019-11-27,152.3200073
2019-11-29,151.3800049
2019-12-02,149.5500031
2019-12-03,149.3099976
2019-12-04,149.8500061
2019-12-05,149.9299927
2019-12-06,151.75
2019-12-09,151.3600006
2019-12-10,151.1300049
2019-12-11,151.6999969
2019-12-12,153.2400055
2019-12-13,154.5299988
2019-12-16,155.5299988
2019-12-17,154.6900024
2019-12-18,154.3699951
2019-12-19,155.7100067
2019-12-20,157.4100037
2019-12-23,157.4100037
2019-12-24,157.3800049
2019-12-26,158.6699982
2019-12-27,158.9600067
2019-12-30,157.5899963
2019-12-31,157.6999969